{"学十一路口":[0.29582473547877247,0.16654719235364396],"学九路口":[0.2976979701745913,0.2037816217339359],"学五路口":[0.2976979701745913,0.2875590878395928],"学三路口":[0.29582473547877247,0.3580385434522882],"学十三路口":[0.1890503578170962,0.33011272141706927],"学一路口":[0.29582473547877247,0.42718819801568747],"鸿通楼路口":[0.19092359251291507,0.4285179990649836],"邮政储蓄路口":[0.1890503578170962,0.5309126798607865],"西门路口":[0.18717712312127732,0.5907537270791128],"国际学院楼路口":[0.1890503578170962,0.6372967638044776],"教三南路口":[0.4250779294902753,0.7303828372552075],"教三北路口":[0.42695116418609413,0.6359669627551815],"教四路口":[0.4250779294902753,0.5335722819593788],"学二路口":[0.42133146009863753,0.4285179990649836],"学八路口":[0.42133146009863753,0.28622928679029663],"综合食堂路口":[0.41945822540281863,0.24766505636070854],"学生活动中心路口":[0.42882439888191304,0.2037816217339359],"经管楼路口":[0.5543311235017782,0.18649420809308606],"学六路口":[0.6648519705550922,0.1878240091423822],"生活区路口":[0.6667252052509111,0.25165445950859694],"综合服务大厅路口":[0.6648519705550922,0.3221339151212924],"图书馆路口":[0.6685984399467299,0.42718819801568747],"教一路口":[0.6667252052509111,0.5322424809100826],"主楼路口":[0.6685984399467299,0.6372967638044776],"教二路口":[0.6685984399467299,0.7330424393537998],"科学会堂路口":[0.7847389910875006,0.6372967638044776],"体育馆路口":[0.8147107462206027,0.4285179990649836],"学29路口":[0.809091042133146,0.3247935172198847],"北门路口":[0.4250779294902753,0.13330216612124046],"留学生公寓路口":[0.29582473547877247,0.2529842605578931],"中门路口":[0.42695116418609413,0.7716066697833879],"锦江酒店北门":[0.14221949042162416,0.12399355877616747],"锦江酒店东门":[0.20028976599200948,0.16654719235364396],"学十一公寓":[0.27521915382476475,0.157238585008571],"学九公寓":[0.2527403374749382,0.19846241753675134],"教九":[0.29395150078295357,0.18250480494519766],"学十东门":[0.4025991131404487,0.16388759025505167],"学十西门":[0.303317674262048,0.16920679445223624],"学十南门":[0.35014854165752,0.20112201963534362],"西门":[0.11037450059270316,0.5880941249805205],"南门":[0.5449649500226837,0.9298529946496286],"留学生公寓":[0.23026152112511158,0.2104306269804166],"对外汉语培训楼":[0.2808388579122214,0.21309022907900887],"综合食堂东门":[0.40634558253208647,0.2263882395719703],"综合食堂西门":[0.303317674262048,0.22505843852267415],"学五公寓":[0.2489938680833004,0.2848994857410005],"学八公寓":[0.35014854165752,0.2822398836424082],"学三公寓":[0.24524739869166265,0.3341021245649577],"学四公寓":[0.35389501104915777,0.3341021245649577],"学一公寓":[0.24524739869166265,0.4165497896213184],"学二公寓":[0.3482753069617011,0.4165497896213184],"学十三公寓":[0.17031801085890738,0.3247935172198847],"鸿通楼南门":[0.14783919450908078,0.5269232767128981],"鸿通楼北门":[0.14783919450908078,0.4311776011635759],"北邮人之家":[0.16469830677145073,0.4657524284452756],"邮政储蓄":[0.16282507207563185,0.5029868578255675],"国际学院楼":[0.15158566390071856,0.6825099994805465],"教四西门":[0.20403623538364724,0.48171004103682924],"教四东门":[0.3988526437488109,0.4830398420861254],"教四南门":[0.2976979701745913,0.5043166588748637],"教三西门":[0.20028976599200948,0.6838398005298426],"教三东门":[0.4025991131404487,0.6838398005298426],"教三南门":[0.2995712048704102,0.6466053711495506],"校医院":[0.36700765391988993,0.7689470676847956],"教二东门":[0.6554857970759977,0.6864994026284349],"教二西门":[0.44942998053592076,0.6851696015791388],"教二南门":[0.5505846541101403,0.6638927847904005],"主楼东门":[0.6592322664676354,0.5801153186847436],"主楼西门":[0.5655705316766914,0.5827749207833359],"主席像":[0.3707541233115277,0.5880941249805205],"校训石":[0.30706414365368573,0.5907537270791128],"音乐喷泉":[0.5112467254979438,0.5761259155368552],"国旗":[0.45879615401501517,0.5880941249805205],"教一东门":[0.6536125623801788,0.49500805152979066],"教一西门":[0.44942998053592076,0.4989974546776791],"教一南门":[0.5505846541101403,0.5229338735650096],"办公楼":[0.5505846541101403,0.4404862085086489],"财务处":[0.492514378539755,0.46176302529738716],"图书馆南门":[0.6011619908972502,0.41787959067061453],"图书馆北门":[0.6011619908972502,0.3354319256142538],"图书馆西门":[0.5487114194143214,0.3779855591917303],"学生发展中心":[0.49813408262721165,0.30484650148044257],"综合服务大厅":[0.6292605113345334,0.31415510882551556],"学苑风味餐厅":[0.6442463889010844,0.29154849098748115],"麦当劳":[0.5075002561063061,0.27027167419874293],"移动营业大厅":[0.6049084602888879,0.27027167419874293],"物美超市":[0.6142746337679823,0.2689418731494468],"瑞幸咖啡":[0.6255140419428956,0.2689418731494468],"泸溪河":[0.6386266848136278,0.27027167419874293],"打印店":[0.6479928582927222,0.27027167419874293],"水果店":[0.6573590317718166,0.27160147524803907],"浴室":[0.5524578888059593,0.23170744376915484],"学生活动中心":[0.45879615401501517,0.223728637473378],"水房":[0.6011619908972502,0.2396862500649317],"文创店":[0.6124013990721634,0.24101605111422783],"快递站":[0.45879615401501517,0.13330216612124046],"经管楼":[0.4756552662773851,0.18250480494519766],"学六公寓":[0.6049084602888879,0.157238585008571],"科技成果展厅":[0.6892040216007376,0.19314321333956677],"科研楼":[0.7322884196045719,0.19846241753675134],"工商银行ATM":[0.7285419502129341,0.1971326164874552],"校史馆":[0.7472742971711229,0.24899485741000468],"学生食堂南门":[0.7247954808212963,0.3128253077762194],"学生食堂西门":[0.6779646134258243,0.28888888888888886],"篮球场":[0.6798378481216432,0.3739961560438419],"学29公寓":[0.8577951442244369,0.4165497896213184],"体育馆南门":[0.8222036850038782,0.5255934756636019],"体育馆北门":[0.8259501543955159,0.43915640745935275],"体育馆西门":[0.7809925216958628,0.48171004103682924],"体育馆":[0.8259501543955159,0.4657524284452756],"体育场":[0.8371895625704292,0.5508596956002285],"科学会堂":[0.730415184908753,0.5442106903537478],"创新楼":[0.7266687155171152,0.7184146278115423],"中门":[0.4232046947944564,0.7702768687340917],"教三北门":[0.2976979701745913,0.7197444288608384]}